<?xml version="1.0" encoding="UTF-8"?>
<PlaceSearchResponse>
 <status>OK</status>
 <result>
  <name>Trust Bank Limited | ATM Booth</name>
  <vicinity>Rajuk College Road, Dhaka</vicinity>
  <type>atm</type>
  <type>finance</type>
  <type>point_of_interest</type>
  <type>establishment</type>
  <geometry>
   <location>
    <lat>23.8705756</lat>
    <lng>90.4014563</lng>
   </location>
   <viewport>
    <southwest>
     <lat>23.8692236</lat>
     <lng>90.4000380</lng>
    </southwest>
    <northeast>
     <lat>23.8719216</lat>
     <lng>90.4027360</lng>
    </northeast>
   </viewport>
  </geometry>
  <rating>4.0</rating>
  <icon>https://maps.gstatic.com/mapfiles/place_api/icons/atm-71.png</icon>
  <reference>ChIJ2e7zyjrEVTcROMU0H2wNMuE</reference>
  <id>a7e2e74798ad1e32e1640a7f970129ea88c92ff3</id>
  <opening_hours>
   <open_now>true</open_now>
  </opening_hours>
  <photo>
   <photo_reference>CmRaAAAAwkZpMiHqi7VUTkl4ExVfklIfdfrNQnGwQLvj6TG7uXWYaFh070zQt6Tkugy4tgEBMGZMyb3cEO5suwOYWPL7IEvwxt-a0thJ8_6VeOtZVjaW_-YVo0sSU4-8a2f_xapHEhCe_UYGZZu7RPII1f6ua7ymGhSTMhPnyV1T2nXcyhOJlmmN51cabQ</photo_reference>
   <width>3264</width>
   <height>2448</height>
   <html_attribution>&lt;a href="https://maps.google.com/maps/contrib/117984562300531800607/photos"&gt;Shariful Kader&lt;/a&gt;</html_attribution>
  </photo>
  <user_ratings_total>21</user_ratings_total>
  <place_id>ChIJ2e7zyjrEVTcROMU0H2wNMuE</place_id>
  <scope>GOOGLE</scope>
  <plus_code>
   <global_code>7MMGVCC2+6H</global_code>
  </plus_code>
 </result>
 <result>
  <name>AB Bank Limited | ATM Booth</name>
  <vicinity>Syed Grand Center Plot-89, Road-28, Dhaka</vicinity>
  <type>atm</type>
  <type>finance</type>
  <type>point_of_interest</type>
  <type>establishment</type>
  <geometry>
   <location>
    <lat>23.8713218</lat>
    <lng>90.3999965</lng>
   </location>
   <viewport>
    <southwest>
     <lat>23.8699865</lat>
     <lng>90.3986475</lng>
    </southwest>
    <northeast>
     <lat>23.8726845</lat>
     <lng>90.4013454</lng>
    </northeast>
   </viewport>
  </geometry>
  <rating>3.7</rating>
  <icon>https://maps.gstatic.com/mapfiles/place_api/icons/atm-71.png</icon>
  <reference>ChIJ9ZGBPTvEVTcRlt0tsSPJFyg</reference>
  <id>7119f67e049ca484a8dc147bfb38d59fc3844813</id>
  <opening_hours>
   <open_now>true</open_now>
  </opening_hours>
  <photo>
   <photo_reference>CmRaAAAAMchjHjP2zFFWFC9K19AYuXt8Y5c_FItsBKXwnd73cC85ETljIESiQeyBfDFeiKGJmeFmOXyZ9O1bbE9LR6tLJnu15oc6XNXaViKFbr_bG0qSLZAGliSz7KWyiWhap2kDEhC0Y0wxKJWcpQr0reFcCRY7GhTgZis4RhoOEv9OHPN0DBfCZaE8xQ</photo_reference>
   <width>4160</width>
   <height>3120</height>
   <html_attribution>&lt;a href="https://maps.google.com/maps/contrib/116253216951989019422/photos"&gt;Arman Hossain&lt;/a&gt;</html_attribution>
  </photo>
  <user_ratings_total>9</user_ratings_total>
  <place_id>ChIJ9ZGBPTvEVTcRlt0tsSPJFyg</place_id>
  <scope>GOOGLE</scope>
  <plus_code>
   <global_code>7MMGV9CX+GX</global_code>
  </plus_code>
 </result>
 <result>
  <name>Islami Bank Bangladesh Limited | ATM Booth</name>
  <vicinity>Shahajalal Avenue, Dhaka</vicinity>
  <type>atm</type>
  <type>finance</type>
  <type>point_of_interest</type>
  <type>establishment</type>
  <geometry>
   <location>
    <lat>23.8678061</lat>
    <lng>90.4007918</lng>
   </location>
   <viewport>
    <southwest>
     <lat>23.8664602</lat>
     <lng>90.3994427</lng>
    </southwest>
    <northeast>
     <lat>23.8691581</lat>
     <lng>90.4021406</lng>
    </northeast>
   </viewport>
  </geometry>
  <rating>4.0</rating>
  <icon>https://maps.gstatic.com/mapfiles/place_api/icons/atm-71.png</icon>
  <reference>ChIJQdIZHSXEVTcR1n18_-x8ZTM</reference>
  <id>152b1175a4d246ae5a92b3d665154e78d831694f</id>
  <opening_hours>
   <open_now>true</open_now>
  </opening_hours>
  <photo>
   <photo_reference>CmRaAAAAHKUheMglOpilFFEJRCz-CMfpF_jJ2IQRQQ3baj4OihAoZnn1FSgPMYscKykKmKul-MvQ18VFVEtcWx5G0Kte7PZzN5ETN0JxJaRkW-YKrnSxHBYtFK6TwTym9LPllIHvEhAKiEYnOgcJr32Mb4b0-f3PGhTVvDt6cZB8Y5iTUAV7eFkR6T9aLw</photo_reference>
   <width>4128</width>
   <height>2322</height>
   <html_attribution>&lt;a href="https://maps.google.com/maps/contrib/105380700325607561118/photos"&gt;Tariqul Suman&lt;/a&gt;</html_attribution>
  </photo>
  <user_ratings_total>26</user_ratings_total>
  <place_id>ChIJQdIZHSXEVTcR1n18_-x8ZTM</place_id>
  <scope>GOOGLE</scope>
  <plus_code>
   <global_code>7MMGVC92+48</global_code>
  </plus_code>
 </result>
 <result>
  <name>Dutch-Bangla Bank Limited | ATM Booth</name>
  <vicinity>Uttara NH School, Azampur, Shahajalal Avenue, Dhaka</vicinity>
  <type>atm</type>
  <type>finance</type>
  <type>point_of_interest</type>
  <type>establishment</type>
  <geometry>
   <location>
    <lat>23.8678180</lat>
    <lng>90.4011723</lng>
   </location>
   <viewport>
    <southwest>
     <lat>23.8664779</lat>
     <lng>90.3998229</lng>
    </southwest>
    <northeast>
     <lat>23.8691758</lat>
     <lng>90.4025208</lng>
    </northeast>
   </viewport>
  </geometry>
  <rating>4.1</rating>
  <icon>https://maps.gstatic.com/mapfiles/place_api/icons/atm-71.png</icon>
  <reference>ChIJqZimGyXEVTcRZNMJnyTbknI</reference>
  <id>d40020a86c886fa682d499e1a9056af61facb5bf</id>
  <opening_hours>
   <open_now>true</open_now>
  </opening_hours>
  <photo>
   <photo_reference>CmRaAAAApMrUe_nnJup3-6RRhdMhLLThwg84hKHi4GPMKwn-8kcOAc7HMX8GRcJ5KDykzN-0NlTGZ5pYRMiFODF1KgQpVZIJss3uSyoZ59VHZ-Ik1d9crZgyqiDiWSz6ahTMb6hTEhD6FAjiV7EYoHU5CfNgPm1hGhSjYazn7HUa2rxhTwt8B8uL42UjXw</photo_reference>
   <width>4608</width>
   <height>2592</height>
   <html_attribution>&lt;a href="https://maps.google.com/maps/contrib/115400458191233571940/photos"&gt;Bowling Passion BGD&lt;/a&gt;</html_attribution>
  </photo>
  <user_ratings_total>26</user_ratings_total>
  <place_id>ChIJqZimGyXEVTcRZNMJnyTbknI</place_id>
  <scope>GOOGLE</scope>
  <plus_code>
   <global_code>7MMGVC92+4F</global_code>
  </plus_code>
 </result>
 <result>
  <name>Rupali Bank Limited | ATM Booth</name>
  <vicinity>Shahajalal Avenue, Dhaka</vicinity>
  <type>atm</type>
  <type>finance</type>
  <type>point_of_interest</type>
  <type>establishment</type>
  <geometry>
   <location>
    <lat>23.8677282</lat>
    <lng>90.4010531</lng>
   </location>
   <viewport>
    <southwest>
     <lat>23.8664414</lat>
     <lng>90.3997007</lng>
    </southwest>
    <northeast>
     <lat>23.8691393</lat>
     <lng>90.4023986</lng>
    </northeast>
   </viewport>
  </geometry>
  <rating>3.8</rating>
  <icon>https://maps.gstatic.com/mapfiles/place_api/icons/atm-71.png</icon>
  <reference>ChIJmwV9GyXEVTcRjLoEMaylPV8</reference>
  <id>045933735ac5a1e9bda756537fa2c41c07ada0ba</id>
  <opening_hours>
   <open_now>true</open_now>
  </opening_hours>
  <photo>
   <photo_reference>CmRaAAAAaZdX6Iu2FrzMLnVN1GsO3Kt1DH2XP-nixGFtVeEsLArsHUkbw9wK45KkpPOtnuMyAKGKDIrg6-yVCHIccDbrwjmfPHi3doLioX4R__L4TlvaOKyVNG1My7GEoyVlZsoCEhCiSP0q_9htGiYhdZM2QVU1GhTY55Z2TKQanxISnxzYdLE1umUYyw</photo_reference>
   <width>4128</width>
   <height>2322</height>
   <html_attribution>&lt;a href="https://maps.google.com/maps/contrib/105380700325607561118/photos"&gt;Tariqul Suman&lt;/a&gt;</html_attribution>
  </photo>
  <user_ratings_total>15</user_ratings_total>
  <place_id>ChIJmwV9GyXEVTcRjLoEMaylPV8</place_id>
  <scope>GOOGLE</scope>
  <plus_code>
   <global_code>7MMGVC92+3C</global_code>
  </plus_code>
 </result>
</PlaceSearchResponse>